model,backbone_ms,action_head_ms,total_ms
pi05,34.938,65.678,100.615
pi05,34.315,65.384,99.698
pi05,34.326,65.396,99.722
pi05,35.061,64.131,99.191
pi05,33.095,64.434,97.529
pi05,31.900,64.302,96.202
pi05,33.855,65.067,98.922
pi05,32.568,64.379,96.947
pi05,32.594,66.981,99.575
pi05,31.988,67.537,99.525
pi05,32.010,67.139,99.149
pi05,32.886,64.864,97.751
pi05,34.308,65.245,99.553
pi05,34.296,65.362,99.658
pi05,32.386,65.143,97.529
pi05,32.190,65.443,97.633
pi05,32.007,65.382,97.390
pi05,32.105,65.495,97.600
pi05,34.288,65.754,100.042
pi05,32.570,65.160,97.730
pi05,31.817,65.745,97.562
pi05,31.887,64.696,96.583
pi05,31.852,65.043,96.895
pi05,32.842,65.055,97.897
pi05,35.242,64.673,99.915
pi05,33.067,64.557,97.624
pi05,32.672,65.038,97.711
pi05,32.808,65.028,97.836
pi05,32.019,65.205,97.224
pi05,35.291,65.266,100.556
pi05,32.224,65.567,97.791
pi05,32.221,65.341,97.561
pi05,32.205,65.482,97.687
pi05,34.270,64.909,99.178
pi05,34.287,65.201,99.488
pi05,35.029,65.971,100.999
pi05,35.302,65.068,100.371
pi05,34.344,66.719,101.063
pi05,34.284,64.189,98.473
pi05,34.465,64.471,98.936
pi05,33.455,64.471,97.927
pi05,32.577,65.614,98.192
pi05,31.988,64.801,96.789
pi05,31.972,64.567,96.540
pi05,32.643,64.842,97.485
pi05,33.073,64.025,97.098
pi05,32.711,64.165,96.876
pi05,31.905,65.437,97.342
pi05,31.896,65.189,97.085
pi05,31.915,65.599,97.514
pi05,31.876,64.614,96.490
pi05,31.913,64.634,96.547
pi05,31.898,69.934,101.831
pi05,34.981,66.192,101.173
pi05,32.599,66.434,99.033
pi05,32.683,65.046,97.729
pi05,32.580,65.017,97.598
pi05,34.303,65.160,99.463
pi05,34.311,65.425,99.736
pi05,35.410,65.398,100.808
pi05,33.678,64.762,98.440
pi05,32.019,65.263,97.283
pi05,32.095,66.263,98.358
pi05,32.381,65.163,97.544
pi05,32.019,66.575,98.594
pi05,32.936,66.144,99.080
pi05,32.663,65.751,98.414
pi05,35.009,68.571,103.580
pi05,34.877,64.557,99.434
pi05,32.961,65.109,98.069
pi05,32.143,64.796,96.939
pi05,32.670,65.137,97.808
pi05,33.493,65.765,99.259
pi05,35.017,65.444,100.461
pi05,35.015,64.073,99.088
pi05,35.101,64.585,99.686
pi05,36.646,64.623,101.269
pi05,33.284,65.328,98.612
pi05,32.496,65.524,98.020
pi05,34.903,64.631,99.533
pi05,35.130,64.989,100.118
pi05,34.998,65.037,100.035
pi05,35.156,64.326,99.482
pi05,34.334,65.125,99.459
pi05,33.106,64.871,97.977
pi05,32.838,64.604,97.442
pi05,32.928,64.660,97.587
pi05,32.492,64.980,97.472
pi05,32.612,64.991,97.603
pi05,34.357,66.353,100.710
pi05,31.848,65.565,97.414
pi05,31.845,68.344,100.189
pi05,31.846,66.742,98.588
pi05,34.313,65.391,99.705
pi05,36.385,65.081,101.466
pi05,34.350,65.660,100.010
pi05,33.103,65.785,98.888
pi05,32.167,68.021,100.188
pi05,32.060,64.819,96.878
pi05,31.893,78.075,109.968
pi05,31.942,65.584,97.526
pi05,34.364,65.297,99.660
pi05,33.676,65.389,99.065
pi05,32.151,65.831,97.981
pi05,32.584,64.812,97.396
pi05,32.424,64.659,97.083
pi05,32.531,65.404,97.935
pi05,34.346,67.111,101.456
pi05,33.130,66.727,99.857
pi05,32.889,68.676,101.565
pi05,32.586,67.449,100.035
pi05,32.032,68.305,100.337
pi05,32.130,67.835,99.965
pi05,34.955,67.288,102.243
pi05,35.033,65.103,100.136
pi05,35.169,66.324,101.493
pi05,34.303,65.299,99.601
pi05,34.290,65.406,99.697
pi05,34.288,65.513,99.801
pi05,35.032,67.019,102.051
pi05,33.567,65.206,98.773
pi05,32.205,65.256,97.461
pi05,32.069,65.459,97.527
pi05,32.709,63.696,96.405
pi05,32.659,65.366,98.025
pi05,32.031,65.546,97.578
pi05,31.859,64.975,96.834
pi05,32.869,65.147,98.016
pi05,32.528,64.675,97.202
pi05,32.414,64.704,97.118
pi05,34.887,64.719,99.605
pi05,32.735,66.031,98.766
pi05,32.907,65.365,98.272
pi05,34.305,66.487,100.792
pi05,34.291,65.163,99.453
pi05,33.680,64.208,97.888
pi05,32.432,64.368,96.801
pi05,33.016,65.848,98.864
pi05,32.788,65.838,98.627
pi05,35.078,65.737,100.815
pi05,34.796,65.938,100.734
pi05,34.286,65.285,99.571
pi05,34.310,65.169,99.479
pi05,35.182,66.013,101.195
pi05,34.995,65.138,100.133
pi05,35.028,65.609,100.637
pi05,35.127,65.325,100.452
pi05,36.114,64.838,100.952
pi05,34.927,63.943,98.869
pi05,35.175,64.838,100.013
pi05,34.995,65.363,100.358
pi05,35.014,64.708,99.723
pi05,35.404,64.721,100.126
pi05,35.161,65.792,100.952
pi05,34.977,65.237,100.214
pi05,34.556,66.284,100.839
pi05,33.095,66.198,99.293
pi05,32.169,64.862,97.031
pi05,32.086,65.026,97.111
pi05,32.068,64.773,96.841
pi05,31.914,64.076,95.990
pi05,34.519,66.285,100.804
pi05,32.284,65.095,97.379
pi05,32.027,64.731,96.758
pi05,31.864,64.962,96.827
pi05,31.854,67.884,99.738
pi05,31.887,64.865,96.752
pi05,35.123,66.871,101.994
pi05,35.178,65.905,101.083
pi05,33.416,65.344,98.760
pi05,32.815,65.221,98.036
pi05,32.747,64.909,97.656
pi05,32.648,64.859,97.507
pi05,32.036,66.060,98.096
pi05,32.071,64.664,96.735
pi05,35.194,67.626,102.821
pi05,34.872,64.180,99.052
pi05,34.327,64.777,99.104
pi05,34.145,63.803,97.948
pi05,34.332,66.523,100.854
pi05,32.671,65.642,98.313
pi05,32.609,64.416,97.025
pi05,32.767,64.996,97.762
pi05,32.412,65.212,97.624
pi05,31.816,64.865,96.682
pi05,34.861,65.225,100.085
pi05,32.955,65.078,98.034
pi05,32.662,64.972,97.633
pi05,32.038,64.335,96.373
pi05,32.011,64.576,96.587
pi05,32.032,65.564,97.595
pi05,31.888,66.075,97.963
pi05,31.915,66.042,97.957
pi05,35.035,64.990,100.025
pi05,34.322,64.420,98.743
pi05,32.707,64.388,97.095
pi05,33.105,64.476,97.581
pi05,32.609,65.650,98.259
pi05,32.024,64.875,96.899
pi05,34.193,65.367,99.561
pi05,31.746,64.529,96.275
pi05,31.736,65.354,97.091
pi05,31.798,66.785,98.584
pi05,32.363,65.687,98.050
pi05,34.887,66.530,101.417
pi05,34.305,64.376,98.682
pi05,34.298,64.420,98.718
pi05,35.327,64.918,100.244
pi05,32.877,65.572,98.449
pi05,34.333,67.111,101.444
pi05,34.904,64.323,99.227
pi05,32.630,63.982,96.612
pi05,32.253,65.139,97.392
pi05,32.173,64.961,97.134
pi05,34.436,64.851,99.286
pi05,33.957,65.557,99.514
pi05,33.605,65.353,98.958
pi05,32.761,64.955,97.716
pi05,32.802,64.652,97.454
pi05,32.777,65.061,97.838
pi05,32.463,64.389,96.852
pi05,34.553,66.106,100.659
pi05,32.689,65.479,98.168
pi05,31.875,66.797,98.671
pi05,31.885,67.000,98.885
pi05,31.725,64.678,96.403
pi05,31.742,65.078,96.820
pi05,34.321,66.294,100.615
pi05,34.281,67.537,101.818
pi05,34.290,66.427,100.718
pi05,32.626,66.299,98.925
pi05,32.787,66.098,98.884
pi05,31.783,64.195,95.979
pi05,33.990,65.645,99.635
pi05,32.635,67.126,99.762
pi05,32.190,65.394,97.584
pi05,32.220,65.022,97.242
pi05,32.085,64.591,96.676
pi05,31.834,64.849,96.683
pi05,34.685,66.870,101.555
pi05,34.320,65.319,99.639
pi05,34.278,64.927,99.205
pi05,34.295,66.977,101.273
pi05,34.322,65.931,100.252
pi05,34.354,65.307,99.661
pi05,34.315,66.472,100.787
pi05,32.130,65.176,97.306
pi05,32.091,64.873,96.965
pi05,31.803,64.583,96.386
pi05,31.800,64.827,96.627
pi05,31.775,64.731,96.506
pi05,32.388,68.023,100.411
pi05,34.426,67.808,102.234
pi05,32.300,66.939,99.240
pi05,32.073,67.023,99.096
pi05,31.888,66.486,98.374
pi05,33.047,67.438,100.486
pi05,31.959,66.085,98.043
pi05,34.287,65.093,99.380
pi05,34.286,64.975,99.261
pi05,34.274,65.137,99.411
pi05,34.975,64.571,99.546
pi05,33.923,65.573,99.496
pi05,32.740,65.414,98.153
pi05,34.966,64.565,99.530
pi05,32.929,64.803,97.732
pi05,33.037,64.192,97.229
pi05,32.328,64.545,96.873
pi05,31.765,64.676,96.440
